{
  "type": "minecraft:generic",
  "pools": [
    {
      "rolls": 1,
      "entries": [
        {
          "type": "minecraft:item",
          "name": "minecraft:ghast_tear",
          "functions": [
            { "function": "minecraft:set_count", "count": 8 },
            { "function": "minecraft:set_components", "components": {
              "minecraft:lore": [
                { "text": "A reward for completing", "color": "dark_gray" },
                { "text": "the Cobalt Room trial", "color": "dark_gray" }
              ]
            }}
          ]
        }
      ]
    },
    {
      "rolls": 1,
      "entries": [
        {
          "type": "minecraft:item",
          "name": "minecraft:diamond_ore",
          "functions": [
            { "function": "minecraft:set_count", "count": 16 },
            { "function": "minecraft:set_components", "components": {
              "minecraft:lore": [
                { "text": "A reward for completing", "color": "dark_gray" },
                { "text": "the Cobalt Room trial", "color": "dark_gray" }
              ]
            }}
          ]
        }
      ]
    },
    {
      "rolls": 1,
      "entries": [
        {
          "type": "minecraft:item",
          "name": "minecraft:saddle",
          "functions": [
            { "function": "minecraft:set_components", "components": {
              "minecraft:lore": [
                { "text": "A reward for completing", "color": "dark_gray" },
                { "text": "the Cobalt Room trial", "color": "dark_gray" }
              ]
            }}
          ]
        }
      ]
    },
    {
      "rolls": 1,
      "entries": [
        {
          "type": "minecraft:item",
          "name": "minecraft:chainmail_boots",
          "functions": [
            { "function": "minecraft:set_components", "components": {
              "minecraft:lore": [
                { "text": "A reward for completing", "color": "dark_gray" },
                { "text": "the Cobalt Room trial", "color": "dark_gray" }
              ]
            }}
          ]
        }
      ]
    },
    {
      "rolls": 1,
      "entries": [
        {
          "type": "minecraft:item",
          "name": "minecraft:tipped_arrow",
          "functions": [
            { "function": "minecraft:set_count", "count": 32 },
            { "function": "minecraft:set_components", "components": {
              "minecraft:potion_contents": { "potion": "minecraft:long_night_vision" },
              "minecraft:lore": [
                { "text": "A reward for completing", "color": "dark_gray" },
                { "text": "the Cobalt Room trial", "color": "dark_gray" }
              ]
            }}
          ]
        }
      ]
    },
    {
      "rolls": 1,
      "entries": [
        {
          "type": "minecraft:item",
          "name": "minecraft:music_disc_wait",
          "functions": [
            { "function": "minecraft:set_components", "components": {
              "minecraft:lore": [
                { "text": "A reward for completing", "color": "dark_gray" },
                { "text": "the Cobalt Room trial", "color": "dark_gray" }
              ]
            }}
          ]
        }
      ]
    },
    {
      "rolls": 1,
      "entries": [
        {
          "type": "minecraft:item",
          "name": "minecraft:goat_horn",
          "functions": [
            { "function": "minecraft:set_components", "components": {
              "minecraft:instrument": "minecraft:dream_goat_horn",
              "minecraft:lore": [
                { "text": "A reward for completing", "color": "dark_gray" },
                { "text": "the Cobalt Room trial", "color": "dark_gray" }
              ]
            }}
          ]
        }
      ]
    },
    {
      "rolls": 1,
      "entries": [
        {
          "type": "minecraft:item",
          "name": "minecraft:blue_glazed_terracotta",
          "functions": [
            { "function": "minecraft:set_count", "count": 64 },
            { "function": "minecraft:set_components", "components": {
              "minecraft:lore": [
                { "text": "A reward for completing", "color": "dark_gray" },
                { "text": "the Cobalt Room trial", "color": "dark_gray" }
              ]
            }}
          ]
        }
      ]
    }
  ]
}
