{
  "type": "minecraft:generic",
  "pools": [
    {
      "rolls": 1,
      "entries": [{
        "type": "minecraft:item",
        "name": "minecraft:ender_pearl",
        "functions": [
          { "function": "minecraft:set_count", "count": 16 },
          { "function": "minecraft:set_components", "components": {
            "minecraft:lore": [
              { "text": "A reward for completing", "color": "dark_gray" },
              { "text": "the Saffron Room trial", "color": "dark_gray" }
            ]
          }}
        ]
      }]
    },
    {
      "rolls": 1,
      "entries": [{
        "type": "minecraft:item",
        "name": "minecraft:enchanted_golden_apple",
        "functions": [
          { "function": "minecraft:set_count", "count": 8 },
          { "function": "minecraft:set_components", "components": {
            "minecraft:lore": [
              { "text": "A reward for completing", "color": "dark_gray" },
              { "text": "the Saffron Room trial", "color": "dark_gray" }
            ]
          }}
        ]
      }]
    },
    {
      "rolls": 1,
      "entries": [{
        "type": "minecraft:item",
        "name": "minecraft:honey_bottle",
        "functions": [
          { "function": "minecraft:set_count", "count": 16 },
          { "function": "minecraft:set_components", "components": {
            "minecraft:lore": [
              { "text": "A reward for completing", "color": "dark_gray" },
              { "text": "the Saffron Room trial", "color": "dark_gray" }
            ]
          }}
        ]
      }]
    },
    {
      "rolls": 1,
      "entries": [{
        "type": "minecraft:item",
        "name": "minecraft:chainmail_chestplate",
        "functions": [
          { "function": "minecraft:set_components", "components": {
            "minecraft:lore": [
              { "text": "A reward for completing", "color": "dark_gray" },
              { "text": "the Saffron Room trial", "color": "dark_gray" }
            ]
          }}
        ]
      }]
    },
    {
      "rolls": 1,
      "entries": [{
        "type": "minecraft:item",
        "name": "minecraft:reinforced_deepslate",
        "functions": [
          { "function": "minecraft:set_count", "count": 64 },
          { "function": "minecraft:set_components", "components": {
            "minecraft:lore": [
              { "text": "A reward for completing", "color": "dark_gray" },
              { "text": "the Saffron Room trial", "color": "dark_gray" }
            ]
          }}
        ]
      }]
    },
    {
      "rolls": 1,
      "entries": [{
        "type": "minecraft:item",
        "name": "minecraft:music_disc_13",
        "functions": [
          { "function": "minecraft:set_components", "components": {
            "minecraft:lore": [
              { "text": "A reward for completing", "color": "dark_gray" },
              { "text": "the Saffron Room trial", "color": "dark_gray" }
            ]
          }}
        ]
      }]
    },
    {
      "rolls": 1,
      "entries": [{
        "type": "minecraft:item",
        "name": "minecraft:potion",
        "functions": [
          { "function": "minecraft:set_components", "components": {
            "minecraft:potion_contents": { "potion": "minecraft:strong_leaping" },
            "minecraft:lore": [
              { "text": "A reward for completing", "color": "dark_gray" },
              { "text": "the Saffron Room trial", "color": "dark_gray" }
            ]
          }}
        ]
      }]
    },
    {
      "rolls": 1,
      "entries": [{
        "type": "minecraft:item",
        "name": "minecraft:enchanted_book",
        "functions": [
          { "function": "minecraft:set_components", "components": {
            "minecraft:stored_enchantments": { "minecraft:mending": 1, "minecraft:unbreaking": 5 },
            "minecraft:lore": [
              { "text": "A reward for completing", "color": "dark_gray" },
              { "text": "the Saffron Room trial", "color": "dark_gray" }
            ]
          }}
        ]
      }]
    },
    {
      "rolls": 1,
      "entries": [{
        "type": "minecraft:item",
        "name": "minecraft:yellow_glazed_terracotta",
        "functions": [
          { "function": "minecraft:set_count", "count": 64 },
          { "function": "minecraft:set_components", "components": {
            "minecraft:lore": [
              { "text": "A reward for completing", "color": "dark_gray" },
              { "text": "the Saffron Room trial", "color": "dark_gray" }
            ]
          }}
        ]
      }]
    }
  ]
}
