{
  "type": "minecraft:generic",
  "pools": [
    {
      "rolls": 1,
      "entries": [{
        "type": "minecraft:item",
        "name": "minecraft:totem_of_undying",
        "functions": [
          { "function": "minecraft:set_components", "components": {
            "minecraft:custom_name": {"text":"Ward of Protection","color":"gold","italic":false},
            "minecraft:lore": [
              {"text":"Protected the Amethyst Knight","color":"dark_gray","italic":false},
              {"text":"during the Dimensional Wars","color":"dark_gray","italic":false},
              {"text":""},
              {"text":"A reward for completing the Amethyst Room trial","color":"dark_gray","italic":false}
            ]
          }}
        ]
      }]
    },
    {
      "rolls": 1,
      "entries": [{
        "type": "minecraft:item",
        "name": "minecraft:ancient_debris",
        "functions": [
          { "function": "minecraft:set_count", "count": 4 },
          { "function": "minecraft:set_components", "components": {
            "minecraft:lore": [
              {"text":"Ancient alloy precursor","color":"dark_gray","italic":false},
              {"text":""},
              {"text":"A reward for completing the Amethyst Room trial","color":"dark_gray","italic":false}
            ]
          }}
        ]
      }]
    },
    {
      "rolls": 1,
      "entries": [{
        "type": "minecraft:item",
        "name": "minecraft:amethyst_block",
        "functions": [
          { "function": "minecraft:set_count", "count": 16 },
          { "function": "minecraft:set_components", "components": {
            "minecraft:lore": [
              {"text":"Crystallized resonance","color":"dark_gray","italic":false},
              {"text":""},
              {"text":"A reward for completing the Amethyst Room trial","color":"dark_gray","italic":false}
            ]
          }}
        ]
      }]
    },
    {
      "rolls": 1,
      "entries": [{
        "type": "minecraft:item",
        "name": "minecraft:mycelium",
        "functions": [
          { "function": "minecraft:set_count", "count": 64 },
          { "function": "minecraft:set_components", "components": {
            "minecraft:lore": [
              {"text":"Rare surface from a distant isle","color":"dark_gray","italic":false},
              {"text":""},
              {"text":"A reward for completing the Amethyst Room trial","color":"dark_gray","italic":false}
            ]
          }}
        ]
      }]
    },
    {
      "rolls": 1,
      "entries": [{
        "type": "minecraft:item",
        "name": "minecraft:enchanted_book",
        "functions": [
          { "function": "minecraft:set_components", "components": {
            "minecraft:custom_name": { "text": "Tome of the Amethyst Smith", "color": "light_purple", "italic": false },
            "minecraft:stored_enchantments": {
              "minecraft:efficiency": 5,
              "minecraft:fortune": 3,
              "minecraft:unbreaking": 5,
              "minecraft:mending": 1
            },
            "minecraft:lore": [
              { "text": "Masterwork enhancements for tools", "color": "dark_gray", "italic": false },
              { "text": "" },
              { "text": "A reward for completing the Amethyst Room trial", "color": "dark_gray", "italic": false }
            ]
          }}
        ]
      }]
    },
    {
      "rolls": 1,
      "entries": [{
        "type": "minecraft:item",
        "name": "minecraft:potion",
        "functions": [
          { "function": "minecraft:set_components", "components": {
            "minecraft:potion_contents": { "potion": "minecraft:long_slow_falling" },
            "minecraft:lore": [
              { "text": "Witch-brewed slowfall draught", "color": "dark_gray", "italic": false },
              { "text": "" },
              { "text": "A reward for completing the Amethyst Room trial", "color": "dark_gray", "italic": false }
            ]
          }}
        ]
      }]
    },
    {
      "rolls": 1,
      "entries": [{
        "type": "minecraft:item",
        "name": "minecraft:potion",
        "functions": [
          { "function": "minecraft:set_components", "components": {
            "minecraft:potion_contents": { "potion": "minecraft:long_water_breathing" },
            "minecraft:lore": [
              { "text": "Witch-brewed aquifer elixir", "color": "dark_gray", "italic": false },
              { "text": "" },
              { "text": "A reward for completing the Amethyst Room trial", "color": "dark_gray", "italic": false }
            ]
          }}
        ]
      }]
    },
    {
      "rolls": 1,
      "entries": [{
        "type": "minecraft:item",
        "name": "minecraft:potion",
        "functions": [
          { "function": "minecraft:set_components", "components": {
            "minecraft:potion_contents": { "potion": "minecraft:strong_swiftness" },
            "minecraft:lore": [
              { "text": "Witch-brewed haste tonic", "color": "dark_gray", "italic": false },
              { "text": "" },
              { "text": "A reward for completing the Amethyst Room trial", "color": "dark_gray", "italic": false }
            ]
          }}
        ]
      }]
    },
    {
      "rolls": 1,
      "entries": [{
        "type": "minecraft:item",
        "name": "minecraft:potion",
        "functions": [
          { "function": "minecraft:set_components", "components": {
            "minecraft:potion_contents": { "potion": "minecraft:luck" },
            "minecraft:lore": [
              { "text": "Witch-brewed fortune tincture", "color": "dark_gray", "italic": false },
              { "text": "" },
              { "text": "A reward for completing the Amethyst Room trial", "color": "dark_gray", "italic": false }
            ]
          }}
        ]
      }]
    },
    {
      "rolls": 1,
      "entries": [{
        "type": "minecraft:item",
        "name": "minecraft:potion",
        "functions": [
          { "function": "minecraft:set_components", "components": {
            "minecraft:potion_contents": { "potion": "minecraft:strong_regeneration" },
            "minecraft:lore": [
              {"text":"Restorative distillate","color":"dark_gray","italic":false},
              {"text":""},
              {"text":"A reward for completing the Amethyst Room trial","color":"dark_gray","italic":false}
            ]
          }}
        ]
      }]
    },
    {
      "rolls": 1,
      "entries": [{
        "type": "minecraft:item",
        "name": "minecraft:music_disc_creator_music_box",
        "functions": [
          { "function": "minecraft:set_components", "components": {
            "minecraft:lore": [
              {"text":"Echoes from the Infinite Amethyst Dimension","color":"dark_gray","italic":false},
              {"text":""},
              {"text":"A reward for completing the Amethyst Room trial","color":"dark_gray","italic":false}
            ]
          }}
        ]
      }]
    },
    {
      "rolls": 1,
      "entries": [{
        "type": "minecraft:item",
        "name": "minecraft:purple_glazed_terracotta",
        "functions": [
          { "function": "minecraft:set_count", "count": 64 },
          { "function": "minecraft:set_components", "components": {
            "minecraft:lore": [
              {"text":"Salvaged from the Infinite Amethyst Dimension","color":"dark_gray","italic":false},
              {"text":""},
              {"text":"A reward for completing the Amethyst Room trial","color":"dark_gray","italic":false}
            ]
          }}
        ]
      }]
    },
    {
      "rolls": 1,
      "entries": [{
        "type": "minecraft:item",
        "name": "minecraft:netherite_sword",
        "functions": [
          { "function": "minecraft:set_components", "components": {
            "minecraft:custom_name": {"text":"Blade Of The Infinite Amethyst","color":"light_purple","italic":false},
            "minecraft:lore": [
              {"text":"Once wielded by the Knight of","color":"dark_gray","italic":false},
              {"text":"the Infinite Amethyst Dimension","color":"dark_gray","italic":false},
              {"text":""},
              {"text":"A reward for completing the Amethyst Room trial","color":"dark_gray","italic":false}
            ],
            "minecraft:enchantments": {
              "minecraft:sharpness": 5,
              "minecraft:looting": 3,
              "minecraft:sweeping_edge": 3,
              "minecraft:fire_aspect": 2,
              "minecraft:unbreaking": 3,
              "minecraft:mending": 1
            }
          }}
        ]
      }]
    },
    {
      "rolls": 1,
      "entries": [{
        "type": "minecraft:item",
        "name": "minecraft:elytra",
        "functions": [
          { "function": "minecraft:set_components", "components": {
            "minecraft:custom_name": {"text":"Wings of the Amethyst Knight","color":"light_purple","italic":false},
            "minecraft:lore": [
              {"text":"Recovered from a forgotten skyship","color":"dark_gray","italic":false},
              {"text":"by a legendary knight long ago","color":"dark_gray","italic":false},
              {"text":""},
              {"text":"A reward for completing the Amethyst Room trial","color":"dark_gray","italic":false}
            ],
            "minecraft:enchantments": {
              "minecraft:unbreaking": 3,
              "minecraft:mending": 1
            }
          }}
        ]
      }]
    }
  ]
}
