{
  "type": "minecraft:generic",
  "pools": [
    { "rolls": 1, "entries": [ { "type": "minecraft:item", "name": "minecraft:blaze_rod", "functions": [ { "function": "minecraft:set_count", "count": 8 }, { "function": "minecraft:set_components", "components": { "minecraft:lore": [ { "text": "A reward for completing", "color": "dark_gray" }, { "text": "the Crimson Room trial", "color": "dark_gray" } ] } } ] } ] },
    { "rolls": 1, "entries": [ { "type": "minecraft:item", "name": "minecraft:nether_wart", "functions": [ { "function": "minecraft:set_count", "count": 16 }, { "function": "minecraft:set_components", "components": { "minecraft:lore": [ { "text": "A reward for completing", "color": "dark_gray" }, { "text": "the Crimson Room trial", "color": "dark_gray" } ] } } ] } ] },
    { "rolls": 1, "entries": [ { "type": "minecraft:item", "name": "minecraft:name_tag", "functions": [ { "function": "minecraft:set_count", "count": 4 }, { "function": "minecraft:set_components", "components": { "minecraft:lore": [ { "text": "A reward for completing", "color": "dark_gray" }, { "text": "the Crimson Room trial", "color": "dark_gray" } ] } } ] } ] },
    { "rolls": 1, "entries": [ { "type": "minecraft:item", "name": "minecraft:chainmail_helmet", "functions": [ { "function": "minecraft:set_components", "components": { "minecraft:lore": [ { "text": "A reward for completing", "color": "dark_gray" }, { "text": "the Crimson Room trial", "color": "dark_gray" } ] } } ] } ] },
    { "rolls": 1, "entries": [ { "type": "minecraft:item", "name": "minecraft:obsidian", "functions": [ { "function": "minecraft:set_count", "count": 32 }, { "function": "minecraft:set_components", "components": { "minecraft:lore": [ { "text": "A reward for completing", "color": "dark_gray" }, { "text": "the Crimson Room trial", "color": "dark_gray" } ] } } ] } ] },
    { "rolls": 1, "entries": [ { "type": "minecraft:item", "name": "minecraft:music_disc_chirp", "functions": [ { "function": "minecraft:set_components", "components": { "minecraft:lore": [ { "text": "A reward for completing", "color": "dark_gray" }, { "text": "the Crimson Room trial", "color": "dark_gray" } ] } } ] } ] },
    { "rolls": 1, "entries": [ { "type": "minecraft:item", "name": "minecraft:nether_quartz_ore", "functions": [ { "function": "minecraft:set_count", "count": 64 }, { "function": "minecraft:set_components", "components": { "minecraft:lore": [ { "text": "A reward for completing", "color": "dark_gray" }, { "text": "the Crimson Room trial", "color": "dark_gray" } ] } } ] } ] },
    { "rolls": 1, "entries": [ { "type": "minecraft:item", "name": "minecraft:red_glazed_terracotta", "functions": [ { "function": "minecraft:set_count", "count": 64 }, { "function": "minecraft:set_components", "components": { "minecraft:lore": [ { "text": "A reward for completing", "color": "dark_gray" }, { "text": "the Crimson Room trial", "color": "dark_gray" } ] } } ] } ] }
  ]
}
